{
  "controller/Details.controller.js.map": 1736465769019,
  "i18n/i18n_en_US.properties": 1736430110784,
  "i18n/i18n_fr.properties": 1736430226765,
  "i18n/i18n_de.properties": 1736430175684,
  "i18n/i18n.properties": 1736430106608,
  "controller/Details.controller.js": 1736465642503,
  "model/formatter.js": 1736465695776,
  "model/constants.js": 1736443425221,
  "controller/spacefarer.controller.js": 1736465521298,
  "controller/NotFound.controller.js": 1736368262807,
  "controller/ErrorHandler.js": 1736434438667,
  "model/models.js": 1736348035589,
  "controller/BaseController.js": 1736348485904,
  "controller/App.controller.js": 1736348548265,
  "manifest.json": 1736465768836,
  "Component.js": 1736465727968,
  "model/constants-dbg.js": 1736443425221,
  "model/constants.js.map": 1736465769011,
  "model/formatter-dbg.js": 1736465695776,
  "model/formatter.js.map": 1736465769012,
  "controller/Details-dbg.controller.js": 1736465642503,
  "i18n/i18n_en.properties": 1736430109104,
  "controller/spacefarer-dbg.controller.js": 1736465521298,
  "controller/spacefarer.controller.js.map": 1736465769028,
  "controller/NotFound-dbg.controller.js": 1736368262807,
  "controller/NotFound.controller.js.map": 1736465769013,
  "controller/ErrorHandler-dbg.js": 1736434438667,
  "controller/ErrorHandler.js.map": 1736465769019,
  "model/models-dbg.js": 1736348035589,
  "model/models.js.map": 1736465769015,
  "controller/BaseController-dbg.js": 1736348485904,
  "controller/BaseController.js.map": 1736465769018,
  "controller/App-dbg.controller.js": 1736348548265,
  "controller/App.controller.js.map": 1736465769019,
  "Component-dbg.js": 1736465727968,
  "Component.js.map": 1736465769024,
  "Component-preload.js": 1736465769252,
  "Component-preload.js.map": 1736465769252,
  "view/fragments/SortDialog.fragment.xml": 1736364597450,
  "view/fragments/GroupDialog.fragment.xml": 1736364536633,
  "view/fragments/EditDialog.fragment.xml": 1736379082970,
  "view/fragments/CreateDialog.fragment.xml": 1736405811262,
  "view/spacefarer.view.xml": 1736433312749,
  "view/detailsNotFound.view.xml": 1736366812044,
  "view/details.view.xml": 1736443606923,
  "view/NotFound.view.xml": 1736368683166,
  "view/App.view.xml": 1736348035593,
  "css/style.css": 1736348035593,
  "index.html": 1736348035585
}