{
  "view/fragments/CreateDialog.fragment.xml": 1736405811262,
  "i18n/i18n_en_US.properties": 1736430110784,
  "i18n/i18n_en.properties": 1736430109104,
  "i18n/i18n_de.properties": 1736430175684,
  "i18n/i18n_fr.properties": 1736430226765,
  "controller/BaseController.js": 1736348485904,
  "model/formatter.js": 1736369135317,
  "model/constants.js": 1736434239346,
  "controller/spacefarer.controller.js": 1736419014510,
  "controller/NotFound.controller.js": 1736368262807,
  "controller/ErrorHandler.js": 1736434438667,
  "controller/Details.controller.js": 1736381737472,
  "model/models.js": 1736348035589,
  "controller/App.controller.js": 1736348548265,
  "manifest.json": 1736440982343,
  "Component.js": 1736359508426,
  "controller/Details-dbg.controller.js": 1736381737472,
  "controller/Details.controller.js.map": 1736440982528,
  "model/formatter-dbg.js": 1736369135317,
  "model/formatter.js.map": 1736440982520,
  "model/constants-dbg.js": 1736434239346,
  "model/constants.js.map": 1736440982517,
  "controller/spacefarer-dbg.controller.js": 1736419014510,
  "controller/spacefarer.controller.js.map": 1736440982536,
  "controller/NotFound-dbg.controller.js": 1736368262807,
  "controller/NotFound.controller.js.map": 1736440982519,
  "controller/ErrorHandler-dbg.js": 1736434438667,
  "controller/ErrorHandler.js.map": 1736440982526,
  "controller/BaseController-dbg.js": 1736348485904,
  "controller/BaseController.js.map": 1736440982525,
  "model/models-dbg.js": 1736348035589,
  "model/models.js.map": 1736440982528,
  "controller/App-dbg.controller.js": 1736348548265,
  "controller/App.controller.js.map": 1736440982528,
  "Component-dbg.js": 1736359508426,
  "Component.js.map": 1736440982533,
  "Component-preload.js": 1736440982649,
  "Component-preload.js.map": 1736440982649,
  "view/fragments/SortDialog.fragment.xml": 1736364597450,
  "view/fragments/GroupDialog.fragment.xml": 1736364536633,
  "view/fragments/EditDialog.fragment.xml": 1736379082970,
  "i18n/i18n.properties": 1736430106608,
  "view/spacefarer.view.xml": 1736433312749,
  "view/detailsNotFound.view.xml": 1736366812044,
  "view/details.view.xml": 1736381818585,
  "view/NotFound.view.xml": 1736368683166,
  "view/App.view.xml": 1736348035593,
  "css/style.css": 1736348035593,
  "index.html": 1736348035585
}