{
  "welcomeFile": "/index.html",
  "authenticationMethod": "route",
  "routes": [
    {
      "source": "^/odata/v2/spacefarers/(.*)$",
      "target": "/odata/v2/spacefarers/$1",
      "destination": "SAPCosmicPath-srv-api",
      "authenticationType": "xsuaa",
      "csrfProtection": false
    },
    {
      "source": "^/spacefarers/(.*)$",
      "target": "/spacefarers/$1",
      "destination": "SAPCosmicPath-srv-api",
      "authenticationType": "xsuaa",
      "csrfProtection": false
    },
    {
      "source": "^/user-api/attributes$",
      "target": "/attributes",
      "service": "sap-approuter-userapi"
    },
    {
      "source": "^/resources/(.*)$",
      "target": "/resources/$1",
      "authenticationType": "none",
      "destination": "ui5"
    },
    {
      "source": "^/test-resources/(.*)$",
      "target": "/test-resources/$1",
      "authenticationType": "none",
      "destination": "ui5"
    },
    {
      "source": "^(.*)$",
      "target": "$1",
      "service": "html5-apps-repo-rt",
      "authenticationType": "xsuaa"
    }
  ]
}